,11-Sep,12-Sep,13-Sep,14-Sep,15-Sep,18-Sep,19-Sep,20-Sep,21-Sep,22-Sep,25-Sep,26-Sep,27-Sep,28-Sep,29-Sep
07:00,0,0,0,0,0,0,0,0,0,0,0,0,0,0,0
07:01,0,0,0,0,0,0,0,0,0,0,0,0,0,0,0
07:02,0,0,0,0,0,0,0,0,0,0,0,0,0,0,0
07:03,14,14,14,14,14,14,14,14,14,14,14,14,14,14,14
07:04,1,1,1,1,1,1,1,1,1,1,1,1,1,1,1
07:05,1,1,1,1,1,1,1,1,1,1,1,1,1,1,1
07:06,9,9,9,9,9,9,9,9,9,9,9,9,9,9,9
07:07,28,28,28,28,28,28,28,28,28,28,28,28,28,28,28
07:08,4,4,4,4,4,4,4,4,4,4,4,4,4,4,4
07:09,19,19,19,19,19,19,19,19,19,19,19,19,19,19,19
07:10,9,9,9,9,9,9,9,9,9,9,9,9,9,9,9
07:11,0,0,0,0,0,0,0,0,0,0,0,0,0,0,0
07:12,11,11,11,11,11,11,11,11,11,11,11,11,11,11,11
07:13,45,45,45,45,45,45,45,45,45,45,45,45,45,45,45
07:14,0,0,0,0,0,0,0,0,0,0,0,0,0,0,0
07:15,20,20,20,20,20,20,20,20,20,20,20,20,20,20,20
07:16,9,9,9,9,9,9,9,9,9,9,9,9,9,9,9
07:17,2,2,2,2,2,2,2,2,2,2,2,2,2,2,2
07:18,19,19,19,19,19,19,19,19,19,19,19,19,19,19,19
07:19,27,27,27,27,27,27,27,27,27,27,27,27,27,27,27
07:20,0,0,0,0,0,0,0,0,0,0,0,0,0,0,0
07:21,6,6,6,6,6,6,6,6,6,6,6,6,6,6,6
07:22,9,9,9,9,9,9,9,9,9,9,9,9,9,9,9
07:23,26,26,26,26,26,26,26,26,26,26,26,26,26,26,26
07:24,24,24,24,24,24,24,24,24,24,24,24,24,24,24,24
07:25,0,0,0,0,0,0,0,0,0,0,0,0,0,0,0
07:26,1,1,1,1,1,1,1,1,1,1,1,1,1,1,1
07:27,9,9,9,9,9,9,9,9,9,9,9,9,9,9,9
07:28,0,0,0,0,0,0,0,0,0,0,0,0,0,0,0
07:29,8,8,8,8,8,8,8,8,8,8,8,8,8,8,8
07:30,9,9,9,9,9,9,9,9,9,9,9,9,9,9,9
07:31,8,8,8,8,8,8,8,8,8,8,8,8,8,8,8
07:32,9,9,9,9,9,9,9,9,9,9,9,9,9,9,9
07:33,8,8,8,8,8,8,8,8,8,8,8,8,8,8,8
07:34,2,2,2,2,2,2,2,2,2,2,2,2,2,2,2
07:35,0,0,0,0,0,0,0,0,0,0,0,0,0,0,0
07:36,9,9,9,9,9,9,9,9,9,9,9,9,9,9,9
07:37,8,8,8,8,8,8,8,8,8,8,8,8,8,8,8
07:38,11,11,11,11,11,11,11,11,11,11,11,11,11,11,11
07:39,4,4,4,4,4,4,4,4,4,4,4,4,4,4,4
07:40,0,0,0,0,0,0,0,0,0,0,0,0,0,0,0
07:41,1,1,1,1,1,1,1,1,1,1,1,1,1,1,1
07:42,2,2,2,2,2,2,2,2,2,2,2,2,2,2,2
07:43,9,9,9,9,9,9,9,9,9,9,9,9,9,9,9
07:44,23,23,23,23,23,23,23,23,23,23,23,23,23,23,23
07:45,6,6,6,6,6,6,6,6,6,6,6,6,6,6,6
07:46,19,19,19,19,19,19,19,19,19,19,19,19,19,19,19
07:47,22,22,22,22,22,22,22,22,22,22,22,22,22,22,22
07:48,7,7,7,7,7,7,7,7,7,7,7,7,7,7,7
07:49,0,0,0,0,0,0,0,0,0,0,0,0,0,0,0
07:50,9,9,9,9,9,9,9,9,9,9,9,9,9,9,9
07:51,0,0,0,0,0,0,0,0,0,0,0,0,0,0,0
07:52,18,18,18,18,18,18,18,18,18,18,18,18,18,18,18
07:53,11,11,11,11,11,11,11,11,11,11,11,11,11,11,11
07:54,0,0,0,0,0,0,0,0,0,0,0,0,0,0,0
07:55,10,10,10,10,10,10,10,10,10,10,10,10,10,10,10
07:56,9,9,9,9,9,9,9,9,9,9,9,9,9,9,9
07:57,27,27,27,27,27,27,27,27,27,27,27,27,27,27,27
07:58,3,3,3,3,3,3,3,3,3,3,3,3,3,3,3
07:59,4,4,4,4,4,4,4,4,4,4,4,4,4,4,4
08:00,72,72,72,72,72,72,72,72,72,72,72,72,72,72,72
08:01,109,109,109,109,109,109,109,109,109,109,109,109,109,109,109
08:02,52,52,52,52,52,52,52,52,52,52,52,52,52,52,52
08:03,82,82,82,82,82,82,82,82,82,82,82,82,82,82,82
08:04,141,141,141,141,141,141,141,141,141,141,141,141,141,141,141
08:05,99,99,99,99,99,99,99,99,99,99,99,99,99,99,99
08:06,191,191,191,191,191,191,191,191,191,191,191,191,191,191,191
08:07,127,127,127,127,127,127,127,127,127,127,127,127,127,127,127
08:08,69,69,69,69,69,69,69,69,69,69,69,69,69,69,69
08:09,260,260,260,260,260,260,260,260,260,260,260,260,260,260,260
08:10,122,122,122,122,122,122,122,122,122,122,122,122,122,122,122
08:11,64,64,64,64,64,64,64,64,64,64,64,64,64,64,64
08:12,101,101,101,101,101,101,101,101,101,101,101,101,101,101,101
08:13,43,43,43,43,43,43,43,43,43,43,43,43,43,43,43
08:14,19,19,19,19,19,19,19,19,19,19,19,19,19,19,19
08:15,240,240,240,240,240,240,240,240,240,240,240,240,240,240,240
08:16,64,64,64,64,64,64,64,64,64,64,64,64,64,64,64
08:17,63,63,63,63,63,63,63,63,63,63,63,63,63,63,63
08:18,90,90,90,90,90,90,90,90,90,90,90,90,90,90,90
08:19,118,118,118,118,118,118,118,118,118,118,118,118,118,118,118
08:20,70,70,70,70,70,70,70,70,70,70,70,70,70,70,70
08:21,144,144,144,144,144,144,144,144,144,144,144,144,144,144,144
08:22,18,18,18,18,18,18,18,18,18,18,18,18,18,18,18
08:23,40,40,40,40,40,40,40,40,40,40,40,40,40,40,40
08:24,115,115,115,115,115,115,115,115,115,115,115,115,115,115,115
08:25,59,59,59,59,59,59,59,59,59,59,59,59,59,59,59
08:26,88,88,88,88,88,88,88,88,88,88,88,88,88,88,88
08:27,125,125,125,125,125,125,125,125,125,125,125,125,125,125,125
08:28,115,115,115,115,115,115,115,115,115,115,115,115,115,115,115
08:29,120,120,120,120,120,120,120,120,120,120,120,120,120,120,120
08:30,236,236,236,236,236,236,236,236,236,236,236,236,236,236,236
08:31,220,220,220,220,220,220,220,220,220,220,220,220,220,220,220
08:32,312,312,312,312,312,312,312,312,312,312,312,312,312,312,312
08:33,322,322,322,322,322,322,322,322,322,322,322,322,322,322,322
08:34,222,222,222,222,222,222,222,222,222,222,222,222,222,222,222
08:35,225,225,225,225,225,225,225,225,225,225,225,225,225,225,225
08:36,55,55,55,55,55,55,55,55,55,55,55,55,55,55,55
08:37,185,185,185,185,185,185,185,185,185,185,185,185,185,185,185
08:38,123,123,123,123,123,123,123,123,123,123,123,123,123,123,123
08:39,79,79,79,79,79,79,79,79,79,79,79,79,79,79,79
08:40,99,99,99,99,99,99,99,99,99,99,99,99,99,99,99
08:41,112,112,112,112,112,112,112,112,112,112,112,112,112,112,112
08:42,279,279,279,279,279,279,279,279,279,279,279,279,279,279,279
08:43,154,154,154,154,154,154,154,154,154,154,154,154,154,154,154
08:44,102,102,102,102,102,102,102,102,102,102,102,102,102,102,102
08:45,239,239,239,239,239,239,239,239,239,239,239,239,239,239,239
08:46,147,147,147,147,147,147,147,147,147,147,147,147,147,147,147
08:47,95,95,95,95,95,95,95,95,95,95,95,95,95,95,95
08:48,266,266,266,266,266,266,266,266,266,266,266,266,266,266,266
08:49,141,141,141,141,141,141,141,141,141,141,141,141,141,141,141
08:50,161,161,161,161,161,161,161,161,161,161,161,161,161,161,161
08:51,138,138,138,138,138,138,138,138,138,138,138,138,138,138,138
08:52,192,192,192,192,192,192,192,192,192,192,192,192,192,192,192
08:53,140,140,140,140,140,140,140,140,140,140,140,140,140,140,140
08:54,192,192,192,192,192,192,192,192,192,192,192,192,192,192,192
08:55,238,238,238,238,238,238,238,238,238,238,238,238,238,238,238
08:56,146,146,146,146,146,146,146,146,146,146,146,146,146,146,146
08:57,131,131,131,131,131,131,131,131,131,131,131,131,131,131,131
08:58,299,299,299,299,299,299,299,299,299,299,299,299,299,299,299
08:59,284,284,284,284,284,284,284,284,284,284,284,284,284,284,284
09:00,143,143,143,143,143,143,143,143,143,143,143,143,143,143,143
09:01,156,156,156,156,156,156,156,156,156,156,156,156,156,156,156
09:02,164,164,164,164,164,164,164,164,164,164,164,164,164,164,164
09:03,164,164,164,164,164,164,164,164,164,164,164,164,164,164,164
09:04,85,85,85,85,85,85,85,85,85,85,85,85,85,85,85
09:05,107,107,107,107,107,107,107,107,107,107,107,107,107,107,107
09:06,124,124,124,124,124,124,124,124,124,124,124,124,124,124,124
09:07,219,219,219,219,219,219,219,219,219,219,219,219,219,219,219
09:08,256,256,256,256,256,256,256,256,256,256,256,256,256,256,256
09:09,228,228,228,228,228,228,228,228,228,228,228,228,228,228,228
09:10,277,277,277,277,277,277,277,277,277,277,277,277,277,277,277
09:11,181,181,181,181,181,181,181,181,181,181,181,181,181,181,181
09:12,144,144,144,144,144,144,144,144,144,144,144,144,144,144,144
09:13,344,344,344,344,344,344,344,344,344,344,344,344,344,344,344
09:14,212,212,212,212,212,212,212,212,212,212,212,212,212,212,212
09:15,211,211,211,211,211,211,211,211,211,211,211,211,211,211,211
09:16,236,236,236,236,236,236,236,236,236,236,236,236,236,236,236
09:17,168,168,168,168,168,168,168,168,168,168,168,168,168,168,168
09:18,170,170,170,170,170,170,170,170,170,170,170,170,170,170,170
09:19,274,274,274,274,274,274,274,274,274,274,274,274,274,274,274
09:20,240,240,240,240,240,240,240,240,240,240,240,240,240,240,240
09:21,462,462,462,462,462,462,462,462,462,462,462,462,462,462,462
09:22,325,325,325,325,325,325,325,325,325,325,325,325,325,325,325
09:23,168,168,168,168,168,168,168,168,168,168,168,168,168,168,168
09:24,223,223,223,223,223,223,223,223,223,223,223,223,223,223,223
09:25,101,101,101,101,101,101,101,101,101,101,101,101,101,101,101
09:26,221,221,221,221,221,221,221,221,221,221,221,221,221,221,221
09:27,312,312,312,312,312,312,312,312,312,312,312,312,312,312,312
09:28,1080,1080,1080,1080,1080,1080,1080,1080,1080,1080,1080,1080,1080,1080,1080
09:29,932,932,932,932,932,932,932,932,932,932,932,932,932,932,932
09:30,11059,11059,11059,11059,11059,11059,11059,11059,11059,11059,11059,11059,11059,11059,11059
09:31,6458,6458,6458,6458,6458,6458,6458,6458,6458,6458,6458,6458,6458,6458,6458
09:32,4621,4621,4621,4621,4621,4621,4621,4621,4621,4621,4621,4621,4621,4621,4621
09:33,5125,5125,5125,5125,5125,5125,5125,5125,5125,5125,5125,5125,5125,5125,5125
09:34,5384,5384,5384,5384,5384,5384,5384,5384,5384,5384,5384,5384,5384,5384,5384
09:35,6169,6169,6169,6169,6169,6169,6169,6169,6169,6169,6169,6169,6169,6169,6169
09:36,4762,4762,4762,4762,4762,4762,4762,4762,4762,4762,4762,4762,4762,4762,4762
09:37,4089,4089,4089,4089,4089,4089,4089,4089,4089,4089,4089,4089,4089,4089,4089
09:38,4213,4213,4213,4213,4213,4213,4213,4213,4213,4213,4213,4213,4213,4213,4213
09:39,4440,4440,4440,4440,4440,4440,4440,4440,4440,4440,4440,4440,4440,4440,4440
09:40,4068,4068,4068,4068,4068,4068,4068,4068,4068,4068,4068,4068,4068,4068,4068
09:41,4491,4491,4491,4491,4491,4491,4491,4491,4491,4491,4491,4491,4491,4491,4491
09:42,3823,3823,3823,3823,3823,3823,3823,3823,3823,3823,3823,3823,3823,3823,3823
09:43,3641,3641,3641,3641,3641,3641,3641,3641,3641,3641,3641,3641,3641,3641,3641
09:44,3453,3453,3453,3453,3453,3453,3453,3453,3453,3453,3453,3453,3453,3453,3453
09:45,3265,3265,3265,3265,3265,3265,3265,3265,3265,3265,3265,3265,3265,3265,3265
09:46,3462,3462,3462,3462,3462,3462,3462,3462,3462,3462,3462,3462,3462,3462,3462
09:47,3064,3064,3064,3064,3064,3064,3064,3064,3064,3064,3064,3064,3064,3064,3064
09:48,3855,3855,3855,3855,3855,3855,3855,3855,3855,3855,3855,3855,3855,3855,3855
09:49,2965,2965,2965,2965,2965,2965,2965,2965,2965,2965,2965,2965,2965,2965,2965
09:50,4037,4037,4037,4037,4037,4037,4037,4037,4037,4037,4037,4037,4037,4037,4037
09:51,3430,3430,3430,3430,3430,3430,3430,3430,3430,3430,3430,3430,3430,3430,3430
09:52,3196,3196,3196,3196,3196,3196,3196,3196,3196,3196,3196,3196,3196,3196,3196
09:53,2665,2665,2665,2665,2665,2665,2665,2665,2665,2665,2665,2665,2665,2665,2665
09:54,3360,3360,3360,3360,3360,3360,3360,3360,3360,3360,3360,3360,3360,3360,3360
09:55,3639,3639,3639,3639,3639,3639,3639,3639,3639,3639,3639,3639,3639,3639,3639
09:56,2859,2859,2859,2859,2859,2859,2859,2859,2859,2859,2859,2859,2859,2859,2859
09:57,3008,3008,3008,3008,3008,3008,3008,3008,3008,3008,3008,3008,3008,3008,3008
09:58,2790,2790,2790,2790,2790,2790,2790,2790,2790,2790,2790,2790,2790,2790,2790
09:59,2949,2949,2949,2949,2949,2949,2949,2949,2949,2949,2949,2949,2949,2949,2949
10:00,5059,5059,5059,5059,5059,5059,5059,5059,5059,5059,5059,5059,5059,5059,5059
10:01,4161,4161,4161,4161,4161,4161,4161,4161,4161,4161,4161,4161,4161,4161,4161
10:02,3502,3502,3502,3502,3502,3502,3502,3502,3502,3502,3502,3502,3502,3502,3502
10:03,3608,3608,3608,3608,3608,3608,3608,3608,3608,3608,3608,3608,3608,3608,3608
10:04,2945,2945,2945,2945,2945,2945,2945,2945,2945,2945,2945,2945,2945,2945,2945
10:05,3074,3074,3074,3074,3074,3074,3074,3074,3074,3074,3074,3074,3074,3074,3074
10:06,2924,2924,2924,2924,2924,2924,2924,2924,2924,2924,2924,2924,2924,2924,2924
10:07,2879,2879,2879,2879,2879,2879,2879,2879,2879,2879,2879,2879,2879,2879,2879
10:08,3025,3025,3025,3025,3025,3025,3025,3025,3025,3025,3025,3025,3025,3025,3025
10:09,3211,3211,3211,3211,3211,3211,3211,3211,3211,3211,3211,3211,3211,3211,3211
10:10,2797,2797,2797,2797,2797,2797,2797,2797,2797,2797,2797,2797,2797,2797,2797
10:11,2631,2631,2631,2631,2631,2631,2631,2631,2631,2631,2631,2631,2631,2631,2631
10:12,3392,3392,3392,3392,3392,3392,3392,3392,3392,3392,3392,3392,3392,3392,3392
10:13,2971,2971,2971,2971,2971,2971,2971,2971,2971,2971,2971,2971,2971,2971,2971
10:14,2299,2299,2299,2299,2299,2299,2299,2299,2299,2299,2299,2299,2299,2299,2299
10:15,2622,2622,2622,2622,2622,2622,2622,2622,2622,2622,2622,2622,2622,2622,2622
10:16,2650,2650,2650,2650,2650,2650,2650,2650,2650,2650,2650,2650,2650,2650,2650
10:17,2744,2744,2744,2744,2744,2744,2744,2744,2744,2744,2744,2744,2744,2744,2744
10:18,2562,2562,2562,2562,2562,2562,2562,2562,2562,2562,2562,2562,2562,2562,2562
10:19,3002,3002,3002,3002,3002,3002,3002,3002,3002,3002,3002,3002,3002,3002,3002
10:20,2638,2638,2638,2638,2638,2638,2638,2638,2638,2638,2638,2638,2638,2638,2638
10:21,2911,2911,2911,2911,2911,2911,2911,2911,2911,2911,2911,2911,2911,2911,2911
10:22,2251,2251,2251,2251,2251,2251,2251,2251,2251,2251,2251,2251,2251,2251,2251
10:23,2394,2394,2394,2394,2394,2394,2394,2394,2394,2394,2394,2394,2394,2394,2394
10:24,2620,2620,2620,2620,2620,2620,2620,2620,2620,2620,2620,2620,2620,2620,2620
10:25,2430,2430,2430,2430,2430,2430,2430,2430,2430,2430,2430,2430,2430,2430,2430
10:26,1960,1960,1960,1960,1960,1960,1960,1960,1960,1960,1960,1960,1960,1960,1960
10:27,2383,2383,2383,2383,2383,2383,2383,2383,2383,2383,2383,2383,2383,2383,2383
10:28,2098,2098,2098,2098,2098,2098,2098,2098,2098,2098,2098,2098,2098,2098,2098
10:29,2330,2330,2330,2330,2330,2330,2330,2330,2330,2330,2330,2330,2330,2330,2330
10:30,3219,3219,3219,3219,3219,3219,3219,3219,3219,3219,3219,3219,3219,3219,3219
10:31,3478,3478,3478,3478,3478,3478,3478,3478,3478,3478,3478,3478,3478,3478,3478
10:32,2729,2729,2729,2729,2729,2729,2729,2729,2729,2729,2729,2729,2729,2729,2729
10:33,2440,2440,2440,2440,2440,2440,2440,2440,2440,2440,2440,2440,2440,2440,2440
10:34,2682,2682,2682,2682,2682,2682,2682,2682,2682,2682,2682,2682,2682,2682,2682
10:35,3680,3680,3680,3680,3680,3680,3680,3680,3680,3680,3680,3680,3680,3680,3680
10:36,2639,2639,2639,2639,2639,2639,2639,2639,2639,2639,2639,2639,2639,2639,2639
10:37,2639,2639,2639,2639,2639,2639,2639,2639,2639,2639,2639,2639,2639,2639,2639
10:38,2512,2512,2512,2512,2512,2512,2512,2512,2512,2512,2512,2512,2512,2512,2512
10:39,1570,1570,1570,1570,1570,1570,1570,1570,1570,1570,1570,1570,1570,1570,1570
10:40,2041,2041,2041,2041,2041,2041,2041,2041,2041,2041,2041,2041,2041,2041,2041
10:41,2429,2429,2429,2429,2429,2429,2429,2429,2429,2429,2429,2429,2429,2429,2429
10:42,2486,2486,2486,2486,2486,2486,2486,2486,2486,2486,2486,2486,2486,2486,2486
10:43,2707,2707,2707,2707,2707,2707,2707,2707,2707,2707,2707,2707,2707,2707,2707
10:44,2675,2675,2675,2675,2675,2675,2675,2675,2675,2675,2675,2675,2675,2675,2675
10:45,2618,2618,2618,2618,2618,2618,2618,2618,2618,2618,2618,2618,2618,2618,2618
10:46,2273,2273,2273,2273,2273,2273,2273,2273,2273,2273,2273,2273,2273,2273,2273
10:47,2084,2084,2084,2084,2084,2084,2084,2084,2084,2084,2084,2084,2084,2084,2084
10:48,1904,1904,1904,1904,1904,1904,1904,1904,1904,1904,1904,1904,1904,1904,1904
10:49,2356,2356,2356,2356,2356,2356,2356,2356,2356,2356,2356,2356,2356,2356,2356
10:50,1968,1968,1968,1968,1968,1968,1968,1968,1968,1968,1968,1968,1968,1968,1968
10:51,3011,3011,3011,3011,3011,3011,3011,3011,3011,3011,3011,3011,3011,3011,3011
10:52,2054,2054,2054,2054,2054,2054,2054,2054,2054,2054,2054,2054,2054,2054,2054
10:53,2012,2012,2012,2012,2012,2012,2012,2012,2012,2012,2012,2012,2012,2012,2012
10:54,2130,2130,2130,2130,2130,2130,2130,2130,2130,2130,2130,2130,2130,2130,2130
10:55,1793,1793,1793,1793,1793,1793,1793,1793,1793,1793,1793,1793,1793,1793,1793
10:56,1612,1612,1612,1612,1612,1612,1612,1612,1612,1612,1612,1612,1612,1612,1612
10:57,1637,1637,1637,1637,1637,1637,1637,1637,1637,1637,1637,1637,1637,1637,1637
10:58,1964,1964,1964,1964,1964,1964,1964,1964,1964,1964,1964,1964,1964,1964,1964
10:59,1935,1935,1935,1935,1935,1935,1935,1935,1935,1935,1935,1935,1935,1935,1935
11:00,2591,2591,2591,2591,2591,2591,2591,2591,2591,2591,2591,2591,2591,2591,2591
11:01,2175,2175,2175,2175,2175,2175,2175,2175,2175,2175,2175,2175,2175,2175,2175
11:02,2011,2011,2011,2011,2011,2011,2011,2011,2011,2011,2011,2011,2011,2011,2011
11:03,1768,1768,1768,1768,1768,1768,1768,1768,1768,1768,1768,1768,1768,1768,1768
11:04,2043,2043,2043,2043,2043,2043,2043,2043,2043,2043,2043,2043,2043,2043,2043
11:05,2095,2095,2095,2095,2095,2095,2095,2095,2095,2095,2095,2095,2095,2095,2095
11:06,1638,1638,1638,1638,1638,1638,1638,1638,1638,1638,1638,1638,1638,1638,1638
11:07,1798,1798,1798,1798,1798,1798,1798,1798,1798,1798,1798,1798,1798,1798,1798
11:08,1667,1667,1667,1667,1667,1667,1667,1667,1667,1667,1667,1667,1667,1667,1667
11:09,1878,1878,1878,1878,1878,1878,1878,1878,1878,1878,1878,1878,1878,1878,1878
11:10,1881,1881,1881,1881,1881,1881,1881,1881,1881,1881,1881,1881,1881,1881,1881
11:11,1912,1912,1912,1912,1912,1912,1912,1912,1912,1912,1912,1912,1912,1912,1912
11:12,1867,1867,1867,1867,1867,1867,1867,1867,1867,1867,1867,1867,1867,1867,1867
11:13,1651,1651,1651,1651,1651,1651,1651,1651,1651,1651,1651,1651,1651,1651,1651
11:14,1931,1931,1931,1931,1931,1931,1931,1931,1931,1931,1931,1931,1931,1931,1931
11:15,1968,1968,1968,1968,1968,1968,1968,1968,1968,1968,1968,1968,1968,1968,1968
11:16,1920,1920,1920,1920,1920,1920,1920,1920,1920,1920,1920,1920,1920,1920,1920
11:17,1584,1584,1584,1584,1584,1584,1584,1584,1584,1584,1584,1584,1584,1584,1584
11:18,1477,1477,1477,1477,1477,1477,1477,1477,1477,1477,1477,1477,1477,1477,1477
11:19,2160,2160,2160,2160,2160,2160,2160,2160,2160,2160,2160,2160,2160,2160,2160
11:20,2618,2618,2618,2618,2618,2618,2618,2618,2618,2618,2618,2618,2618,2618,2618
11:21,1760,1760,1760,1760,1760,1760,1760,1760,1760,1760,1760,1760,1760,1760,1760
11:22,1485,1485,1485,1485,1485,1485,1485,1485,1485,1485,1485,1485,1485,1485,1485
11:23,1550,1550,1550,1550,1550,1550,1550,1550,1550,1550,1550,1550,1550,1550,1550
11:24,2064,2064,2064,2064,2064,2064,2064,2064,2064,2064,2064,2064,2064,2064,2064
11:25,2735,2735,2735,2735,2735,2735,2735,2735,2735,2735,2735,2735,2735,2735,2735
11:26,1689,1689,1689,1689,1689,1689,1689,1689,1689,1689,1689,1689,1689,1689,1689
11:27,2099,2099,2099,2099,2099,2099,2099,2099,2099,2099,2099,2099,2099,2099,2099
11:28,2101,2101,2101,2101,2101,2101,2101,2101,2101,2101,2101,2101,2101,2101,2101
11:29,1754,1754,1754,1754,1754,1754,1754,1754,1754,1754,1754,1754,1754,1754,1754
11:30,2265,2265,2265,2265,2265,2265,2265,2265,2265,2265,2265,2265,2265,2265,2265
11:31,1984,1984,1984,1984,1984,1984,1984,1984,1984,1984,1984,1984,1984,1984,1984
11:32,2233,2233,2233,2233,2233,2233,2233,2233,2233,2233,2233,2233,2233,2233,2233
11:33,1802,1802,1802,1802,1802,1802,1802,1802,1802,1802,1802,1802,1802,1802,1802
11:34,1697,1697,1697,1697,1697,1697,1697,1697,1697,1697,1697,1697,1697,1697,1697
11:35,1791,1791,1791,1791,1791,1791,1791,1791,1791,1791,1791,1791,1791,1791,1791
11:36,1548,1548,1548,1548,1548,1548,1548,1548,1548,1548,1548,1548,1548,1548,1548
11:37,1274,1274,1274,1274,1274,1274,1274,1274,1274,1274,1274,1274,1274,1274,1274
11:38,1485,1485,1485,1485,1485,1485,1485,1485,1485,1485,1485,1485,1485,1485,1485
11:39,1674,1674,1674,1674,1674,1674,1674,1674,1674,1674,1674,1674,1674,1674,1674
11:40,1739,1739,1739,1739,1739,1739,1739,1739,1739,1739,1739,1739,1739,1739,1739
11:41,1492,1492,1492,1492,1492,1492,1492,1492,1492,1492,1492,1492,1492,1492,1492
11:42,1439,1439,1439,1439,1439,1439,1439,1439,1439,1439,1439,1439,1439,1439,1439
11:43,1248,1248,1248,1248,1248,1248,1248,1248,1248,1248,1248,1248,1248,1248,1248
11:44,1837,1837,1837,1837,1837,1837,1837,1837,1837,1837,1837,1837,1837,1837,1837
11:45,1737,1737,1737,1737,1737,1737,1737,1737,1737,1737,1737,1737,1737,1737,1737
11:46,1475,1475,1475,1475,1475,1475,1475,1475,1475,1475,1475,1475,1475,1475,1475
11:47,1802,1802,1802,1802,1802,1802,1802,1802,1802,1802,1802,1802,1802,1802,1802
11:48,2341,2341,2341,2341,2341,2341,2341,2341,2341,2341,2341,2341,2341,2341,2341
11:49,1941,1941,1941,1941,1941,1941,1941,1941,1941,1941,1941,1941,1941,1941,1941
11:50,2098,2098,2098,2098,2098,2098,2098,2098,2098,2098,2098,2098,2098,2098,2098
11:51,2192,2192,2192,2192,2192,2192,2192,2192,2192,2192,2192,2192,2192,2192,2192
11:52,2230,2230,2230,2230,2230,2230,2230,2230,2230,2230,2230,2230,2230,2230,2230
11:53,1305,1305,1305,1305,1305,1305,1305,1305,1305,1305,1305,1305,1305,1305,1305
11:54,1825,1825,1825,1825,1825,1825,1825,1825,1825,1825,1825,1825,1825,1825,1825
11:55,1537,1537,1537,1537,1537,1537,1537,1537,1537,1537,1537,1537,1537,1537,1537
11:56,1794,1794,1794,1794,1794,1794,1794,1794,1794,1794,1794,1794,1794,1794,1794
11:57,1337,1337,1337,1337,1337,1337,1337,1337,1337,1337,1337,1337,1337,1337,1337
11:58,1019,1019,1019,1019,1019,1019,1019,1019,1019,1019,1019,1019,1019,1019,1019
11:59,1584,1584,1584,1584,1584,1584,1584,1584,1584,1584,1584,1584,1584,1584,1584
12:00,1571,1571,1571,1571,1571,1571,1571,1571,1571,1571,1571,1571,1571,1571,1571
12:01,1972,1972,1972,1972,1972,1972,1972,1972,1972,1972,1972,1972,1972,1972,1972
12:02,1764,1764,1764,1764,1764,1764,1764,1764,1764,1764,1764,1764,1764,1764,1764
12:03,2015,2015,2015,2015,2015,2015,2015,2015,2015,2015,2015,2015,2015,2015,2015
12:04,2027,2027,2027,2027,2027,2027,2027,2027,2027,2027,2027,2027,2027,2027,2027
12:05,1491,1491,1491,1491,1491,1491,1491,1491,1491,1491,1491,1491,1491,1491,1491
12:06,1131,1131,1131,1131,1131,1131,1131,1131,1131,1131,1131,1131,1131,1131,1131
12:07,1379,1379,1379,1379,1379,1379,1379,1379,1379,1379,1379,1379,1379,1379,1379
12:08,1684,1684,1684,1684,1684,1684,1684,1684,1684,1684,1684,1684,1684,1684,1684
12:09,1776,1776,1776,1776,1776,1776,1776,1776,1776,1776,1776,1776,1776,1776,1776
12:10,1863,1863,1863,1863,1863,1863,1863,1863,1863,1863,1863,1863,1863,1863,1863
12:11,1672,1672,1672,1672,1672,1672,1672,1672,1672,1672,1672,1672,1672,1672,1672
12:12,2060,2060,2060,2060,2060,2060,2060,2060,2060,2060,2060,2060,2060,2060,2060
12:13,1604,1604,1604,1604,1604,1604,1604,1604,1604,1604,1604,1604,1604,1604,1604
12:14,1680,1680,1680,1680,1680,1680,1680,1680,1680,1680,1680,1680,1680,1680,1680
12:15,1587,1587,1587,1587,1587,1587,1587,1587,1587,1587,1587,1587,1587,1587,1587
12:16,1470,1470,1470,1470,1470,1470,1470,1470,1470,1470,1470,1470,1470,1470,1470
12:17,1618,1618,1618,1618,1618,1618,1618,1618,1618,1618,1618,1618,1618,1618,1618
12:18,1219,1219,1219,1219,1219,1219,1219,1219,1219,1219,1219,1219,1219,1219,1219
12:19,1600,1600,1600,1600,1600,1600,1600,1600,1600,1600,1600,1600,1600,1600,1600
12:20,1980,1980,1980,1980,1980,1980,1980,1980,1980,1980,1980,1980,1980,1980,1980
12:21,1830,1830,1830,1830,1830,1830,1830,1830,1830,1830,1830,1830,1830,1830,1830
12:22,1585,1585,1585,1585,1585,1585,1585,1585,1585,1585,1585,1585,1585,1585,1585
12:23,1399,1399,1399,1399,1399,1399,1399,1399,1399,1399,1399,1399,1399,1399,1399
12:24,1377,1377,1377,1377,1377,1377,1377,1377,1377,1377,1377,1377,1377,1377,1377
12:25,1581,1581,1581,1581,1581,1581,1581,1581,1581,1581,1581,1581,1581,1581,1581
12:26,1237,1237,1237,1237,1237,1237,1237,1237,1237,1237,1237,1237,1237,1237,1237
12:27,1218,1218,1218,1218,1218,1218,1218,1218,1218,1218,1218,1218,1218,1218,1218
12:28,1283,1283,1283,1283,1283,1283,1283,1283,1283,1283,1283,1283,1283,1283,1283
12:29,1368,1368,1368,1368,1368,1368,1368,1368,1368,1368,1368,1368,1368,1368,1368
12:30,1522,1522,1522,1522,1522,1522,1522,1522,1522,1522,1522,1522,1522,1522,1522
12:31,1706,1706,1706,1706,1706,1706,1706,1706,1706,1706,1706,1706,1706,1706,1706
12:32,1745,1745,1745,1745,1745,1745,1745,1745,1745,1745,1745,1745,1745,1745,1745
12:33,1847,1847,1847,1847,1847,1847,1847,1847,1847,1847,1847,1847,1847,1847,1847
12:34,2153,2153,2153,2153,2153,2153,2153,2153,2153,2153,2153,2153,2153,2153,2153
12:35,1737,1737,1737,1737,1737,1737,1737,1737,1737,1737,1737,1737,1737,1737,1737
12:36,1736,1736,1736,1736,1736,1736,1736,1736,1736,1736,1736,1736,1736,1736,1736
12:37,1519,1519,1519,1519,1519,1519,1519,1519,1519,1519,1519,1519,1519,1519,1519
12:38,1217,1217,1217,1217,1217,1217,1217,1217,1217,1217,1217,1217,1217,1217,1217
12:39,1231,1231,1231,1231,1231,1231,1231,1231,1231,1231,1231,1231,1231,1231,1231
12:40,1476,1476,1476,1476,1476,1476,1476,1476,1476,1476,1476,1476,1476,1476,1476
12:41,1472,1472,1472,1472,1472,1472,1472,1472,1472,1472,1472,1472,1472,1472,1472
12:42,1986,1986,1986,1986,1986,1986,1986,1986,1986,1986,1986,1986,1986,1986,1986
12:43,1338,1338,1338,1338,1338,1338,1338,1338,1338,1338,1338,1338,1338,1338,1338
12:44,2020,2020,2020,2020,2020,2020,2020,2020,2020,2020,2020,2020,2020,2020,2020
12:45,1499,1499,1499,1499,1499,1499,1499,1499,1499,1499,1499,1499,1499,1499,1499
12:46,1487,1487,1487,1487,1487,1487,1487,1487,1487,1487,1487,1487,1487,1487,1487
12:47,1674,1674,1674,1674,1674,1674,1674,1674,1674,1674,1674,1674,1674,1674,1674
12:48,1472,1472,1472,1472,1472,1472,1472,1472,1472,1472,1472,1472,1472,1472,1472
12:49,1540,1540,1540,1540,1540,1540,1540,1540,1540,1540,1540,1540,1540,1540,1540
12:50,1513,1513,1513,1513,1513,1513,1513,1513,1513,1513,1513,1513,1513,1513,1513
12:51,1558,1558,1558,1558,1558,1558,1558,1558,1558,1558,1558,1558,1558,1558,1558
12:52,1421,1421,1421,1421,1421,1421,1421,1421,1421,1421,1421,1421,1421,1421,1421
12:53,1409,1409,1409,1409,1409,1409,1409,1409,1409,1409,1409,1409,1409,1409,1409
12:54,1313,1313,1313,1313,1313,1313,1313,1313,1313,1313,1313,1313,1313,1313,1313
12:55,1683,1683,1683,1683,1683,1683,1683,1683,1683,1683,1683,1683,1683,1683,1683
12:56,1349,1349,1349,1349,1349,1349,1349,1349,1349,1349,1349,1349,1349,1349,1349
12:57,1298,1298,1298,1298,1298,1298,1298,1298,1298,1298,1298,1298,1298,1298,1298
12:58,1181,1181,1181,1181,1181,1181,1181,1181,1181,1181,1181,1181,1181,1181,1181
12:59,1409,1409,1409,1409,1409,1409,1409,1409,1409,1409,1409,1409,1409,1409,1409
13:00,1956,1956,1956,1956,1956,1956,1956,1956,1956,1956,1956,1956,1956,1956,1956
13:01,2851,2851,2851,2851,2851,2851,2851,2851,2851,2851,2851,2851,2851,2851,2851
13:02,1777,1777,1777,1777,1777,1777,1777,1777,1777,1777,1777,1777,1777,1777,1777
13:03,1922,1922,1922,1922,1922,1922,1922,1922,1922,1922,1922,1922,1922,1922,1922
13:04,1565,1565,1565,1565,1565,1565,1565,1565,1565,1565,1565,1565,1565,1565,1565
13:05,1247,1247,1247,1247,1247,1247,1247,1247,1247,1247,1247,1247,1247,1247,1247
13:06,1768,1768,1768,1768,1768,1768,1768,1768,1768,1768,1768,1768,1768,1768,1768
13:07,1390,1390,1390,1390,1390,1390,1390,1390,1390,1390,1390,1390,1390,1390,1390
13:08,1516,1516,1516,1516,1516,1516,1516,1516,1516,1516,1516,1516,1516,1516,1516
13:09,1251,1251,1251,1251,1251,1251,1251,1251,1251,1251,1251,1251,1251,1251,1251
13:10,1298,1298,1298,1298,1298,1298,1298,1298,1298,1298,1298,1298,1298,1298,1298
13:11,1059,1059,1059,1059,1059,1059,1059,1059,1059,1059,1059,1059,1059,1059,1059
13:12,1556,1556,1556,1556,1556,1556,1556,1556,1556,1556,1556,1556,1556,1556,1556
13:13,1782,1782,1782,1782,1782,1782,1782,1782,1782,1782,1782,1782,1782,1782,1782
13:14,1444,1444,1444,1444,1444,1444,1444,1444,1444,1444,1444,1444,1444,1444,1444
13:15,1670,1670,1670,1670,1670,1670,1670,1670,1670,1670,1670,1670,1670,1670,1670
13:16,1963,1963,1963,1963,1963,1963,1963,1963,1963,1963,1963,1963,1963,1963,1963
13:17,1468,1468,1468,1468,1468,1468,1468,1468,1468,1468,1468,1468,1468,1468,1468
13:18,1297,1297,1297,1297,1297,1297,1297,1297,1297,1297,1297,1297,1297,1297,1297
13:19,1601,1601,1601,1601,1601,1601,1601,1601,1601,1601,1601,1601,1601,1601,1601
13:20,1419,1419,1419,1419,1419,1419,1419,1419,1419,1419,1419,1419,1419,1419,1419
13:21,1461,1461,1461,1461,1461,1461,1461,1461,1461,1461,1461,1461,1461,1461,1461
13:22,1522,1522,1522,1522,1522,1522,1522,1522,1522,1522,1522,1522,1522,1522,1522
13:23,1022,1022,1022,1022,1022,1022,1022,1022,1022,1022,1022,1022,1022,1022,1022
13:24,1085,1085,1085,1085,1085,1085,1085,1085,1085,1085,1085,1085,1085,1085,1085
13:25,1464,1464,1464,1464,1464,1464,1464,1464,1464,1464,1464,1464,1464,1464,1464
13:26,1283,1283,1283,1283,1283,1283,1283,1283,1283,1283,1283,1283,1283,1283,1283
13:27,1298,1298,1298,1298,1298,1298,1298,1298,1298,1298,1298,1298,1298,1298,1298
13:28,1923,1923,1923,1923,1923,1923,1923,1923,1923,1923,1923,1923,1923,1923,1923
13:29,1519,1519,1519,1519,1519,1519,1519,1519,1519,1519,1519,1519,1519,1519,1519
13:30,2194,2194,2194,2194,2194,2194,2194,2194,2194,2194,2194,2194,2194,2194,2194
13:31,2425,2425,2425,2425,2425,2425,2425,2425,2425,2425,2425,2425,2425,2425,2425
13:32,1401,1401,1401,1401,1401,1401,1401,1401,1401,1401,1401,1401,1401,1401,1401
13:33,1272,1272,1272,1272,1272,1272,1272,1272,1272,1272,1272,1272,1272,1272,1272
13:34,858,858,858,858,858,858,858,858,858,858,858,858,858,858,858
13:35,1381,1381,1381,1381,1381,1381,1381,1381,1381,1381,1381,1381,1381,1381,1381
13:36,1571,1571,1571,1571,1571,1571,1571,1571,1571,1571,1571,1571,1571,1571,1571
13:37,1417,1417,1417,1417,1417,1417,1417,1417,1417,1417,1417,1417,1417,1417,1417
13:38,1159,1159,1159,1159,1159,1159,1159,1159,1159,1159,1159,1159,1159,1159,1159
13:39,1166,1166,1166,1166,1166,1166,1166,1166,1166,1166,1166,1166,1166,1166,1166
13:40,1184,1184,1184,1184,1184,1184,1184,1184,1184,1184,1184,1184,1184,1184,1184
13:41,1372,1372,1372,1372,1372,1372,1372,1372,1372,1372,1372,1372,1372,1372,1372
13:42,1193,1193,1193,1193,1193,1193,1193,1193,1193,1193,1193,1193,1193,1193,1193
13:43,1291,1291,1291,1291,1291,1291,1291,1291,1291,1291,1291,1291,1291,1291,1291
13:44,1716,1716,1716,1716,1716,1716,1716,1716,1716,1716,1716,1716,1716,1716,1716
13:45,1358,1358,1358,1358,1358,1358,1358,1358,1358,1358,1358,1358,1358,1358,1358
13:46,1090,1090,1090,1090,1090,1090,1090,1090,1090,1090,1090,1090,1090,1090,1090
13:47,834,834,834,834,834,834,834,834,834,834,834,834,834,834,834
13:48,1044,1044,1044,1044,1044,1044,1044,1044,1044,1044,1044,1044,1044,1044,1044
13:49,1251,1251,1251,1251,1251,1251,1251,1251,1251,1251,1251,1251,1251,1251,1251
13:50,1420,1420,1420,1420,1420,1420,1420,1420,1420,1420,1420,1420,1420,1420,1420
13:51,1510,1510,1510,1510,1510,1510,1510,1510,1510,1510,1510,1510,1510,1510,1510
13:52,1778,1778,1778,1778,1778,1778,1778,1778,1778,1778,1778,1778,1778,1778,1778
13:53,1158,1158,1158,1158,1158,1158,1158,1158,1158,1158,1158,1158,1158,1158,1158
13:54,930,930,930,930,930,930,930,930,930,930,930,930,930,930,930
13:55,1077,1077,1077,1077,1077,1077,1077,1077,1077,1077,1077,1077,1077,1077,1077
13:56,1181,1181,1181,1181,1181,1181,1181,1181,1181,1181,1181,1181,1181,1181,1181
13:57,1078,1078,1078,1078,1078,1078,1078,1078,1078,1078,1078,1078,1078,1078,1078
13:58,1666,1666,1666,1666,1666,1666,1666,1666,1666,1666,1666,1666,1666,1666,1666
13:59,1034,1034,1034,1034,1034,1034,1034,1034,1034,1034,1034,1034,1034,1034,1034
14:00,1270,1270,1270,1270,1270,1270,1270,1270,1270,1270,1270,1270,1270,1270,1270
14:01,1425,1425,1425,1425,1425,1425,1425,1425,1425,1425,1425,1425,1425,1425,1425
14:02,1176,1176,1176,1176,1176,1176,1176,1176,1176,1176,1176,1176,1176,1176,1176
14:03,1287,1287,1287,1287,1287,1287,1287,1287,1287,1287,1287,1287,1287,1287,1287
14:04,1052,1052,1052,1052,1052,1052,1052,1052,1052,1052,1052,1052,1052,1052,1052
14:05,1282,1282,1282,1282,1282,1282,1282,1282,1282,1282,1282,1282,1282,1282,1282
14:06,1044,1044,1044,1044,1044,1044,1044,1044,1044,1044,1044,1044,1044,1044,1044
14:07,1096,1096,1096,1096,1096,1096,1096,1096,1096,1096,1096,1096,1096,1096,1096
14:08,1131,1131,1131,1131,1131,1131,1131,1131,1131,1131,1131,1131,1131,1131,1131
14:09,1059,1059,1059,1059,1059,1059,1059,1059,1059,1059,1059,1059,1059,1059,1059
14:10,1384,1384,1384,1384,1384,1384,1384,1384,1384,1384,1384,1384,1384,1384,1384
14:11,1175,1175,1175,1175,1175,1175,1175,1175,1175,1175,1175,1175,1175,1175,1175
14:12,1566,1566,1566,1566,1566,1566,1566,1566,1566,1566,1566,1566,1566,1566,1566
14:13,1569,1569,1569,1569,1569,1569,1569,1569,1569,1569,1569,1569,1569,1569,1569
14:14,1323,1323,1323,1323,1323,1323,1323,1323,1323,1323,1323,1323,1323,1323,1323
14:15,1374,1374,1374,1374,1374,1374,1374,1374,1374,1374,1374,1374,1374,1374,1374
14:16,1379,1379,1379,1379,1379,1379,1379,1379,1379,1379,1379,1379,1379,1379,1379
14:17,1439,1439,1439,1439,1439,1439,1439,1439,1439,1439,1439,1439,1439,1439,1439
14:18,1574,1574,1574,1574,1574,1574,1574,1574,1574,1574,1574,1574,1574,1574,1574
14:19,2124,2124,2124,2124,2124,2124,2124,2124,2124,2124,2124,2124,2124,2124,2124
14:20,1954,1954,1954,1954,1954,1954,1954,1954,1954,1954,1954,1954,1954,1954,1954
14:21,1545,1545,1545,1545,1545,1545,1545,1545,1545,1545,1545,1545,1545,1545,1545
14:22,1745,1745,1745,1745,1745,1745,1745,1745,1745,1745,1745,1745,1745,1745,1745
14:23,2063,2063,2063,2063,2063,2063,2063,2063,2063,2063,2063,2063,2063,2063,2063
14:24,1526,1526,1526,1526,1526,1526,1526,1526,1526,1526,1526,1526,1526,1526,1526
14:25,1560,1560,1560,1560,1560,1560,1560,1560,1560,1560,1560,1560,1560,1560,1560
14:26,1355,1355,1355,1355,1355,1355,1355,1355,1355,1355,1355,1355,1355,1355,1355
14:27,1934,1934,1934,1934,1934,1934,1934,1934,1934,1934,1934,1934,1934,1934,1934
14:28,1378,1378,1378,1378,1378,1378,1378,1378,1378,1378,1378,1378,1378,1378,1378
14:29,2098,2098,2098,2098,2098,2098,2098,2098,2098,2098,2098,2098,2098,2098,2098
14:30,2415,2415,2415,2415,2415,2415,2415,2415,2415,2415,2415,2415,2415,2415,2415
14:31,1890,1890,1890,1890,1890,1890,1890,1890,1890,1890,1890,1890,1890,1890,1890
14:32,1776,1776,1776,1776,1776,1776,1776,1776,1776,1776,1776,1776,1776,1776,1776
14:33,1482,1482,1482,1482,1482,1482,1482,1482,1482,1482,1482,1482,1482,1482,1482
14:34,1873,1873,1873,1873,1873,1873,1873,1873,1873,1873,1873,1873,1873,1873,1873
14:35,1857,1857,1857,1857,1857,1857,1857,1857,1857,1857,1857,1857,1857,1857,1857
14:36,1596,1596,1596,1596,1596,1596,1596,1596,1596,1596,1596,1596,1596,1596,1596
14:37,1362,1362,1362,1362,1362,1362,1362,1362,1362,1362,1362,1362,1362,1362,1362
14:38,1503,1503,1503,1503,1503,1503,1503,1503,1503,1503,1503,1503,1503,1503,1503
14:39,1760,1760,1760,1760,1760,1760,1760,1760,1760,1760,1760,1760,1760,1760,1760
14:40,1745,1745,1745,1745,1745,1745,1745,1745,1745,1745,1745,1745,1745,1745,1745
14:41,1734,1734,1734,1734,1734,1734,1734,1734,1734,1734,1734,1734,1734,1734,1734
14:42,1160,1160,1160,1160,1160,1160,1160,1160,1160,1160,1160,1160,1160,1160,1160
14:43,1344,1344,1344,1344,1344,1344,1344,1344,1344,1344,1344,1344,1344,1344,1344
14:44,1603,1603,1603,1603,1603,1603,1603,1603,1603,1603,1603,1603,1603,1603,1603
14:45,1379,1379,1379,1379,1379,1379,1379,1379,1379,1379,1379,1379,1379,1379,1379
14:46,1466,1466,1466,1466,1466,1466,1466,1466,1466,1466,1466,1466,1466,1466,1466
14:47,1745,1745,1745,1745,1745,1745,1745,1745,1745,1745,1745,1745,1745,1745,1745
14:48,1539,1539,1539,1539,1539,1539,1539,1539,1539,1539,1539,1539,1539,1539,1539
14:49,2298,2298,2298,2298,2298,2298,2298,2298,2298,2298,2298,2298,2298,2298,2298
14:50,1950,1950,1950,1950,1950,1950,1950,1950,1950,1950,1950,1950,1950,1950,1950
14:51,1479,1479,1479,1479,1479,1479,1479,1479,1479,1479,1479,1479,1479,1479,1479
14:52,1314,1314,1314,1314,1314,1314,1314,1314,1314,1314,1314,1314,1314,1314,1314
14:53,1719,1719,1719,1719,1719,1719,1719,1719,1719,1719,1719,1719,1719,1719,1719
14:54,1622,1622,1622,1622,1622,1622,1622,1622,1622,1622,1622,1622,1622,1622,1622
14:55,1322,1322,1322,1322,1322,1322,1322,1322,1322,1322,1322,1322,1322,1322,1322
14:56,1143,1143,1143,1143,1143,1143,1143,1143,1143,1143,1143,1143,1143,1143,1143
14:57,1411,1411,1411,1411,1411,1411,1411,1411,1411,1411,1411,1411,1411,1411,1411
14:58,1548,1548,1548,1548,1548,1548,1548,1548,1548,1548,1548,1548,1548,1548,1548
14:59,1335,1335,1335,1335,1335,1335,1335,1335,1335,1335,1335,1335,1335,1335,1335
15:00,1962,1962,1962,1962,1962,1962,1962,1962,1962,1962,1962,1962,1962,1962,1962
15:01,1531,1531,1531,1531,1531,1531,1531,1531,1531,1531,1531,1531,1531,1531,1531
15:02,1818,1818,1818,1818,1818,1818,1818,1818,1818,1818,1818,1818,1818,1818,1818
15:03,1700,1700,1700,1700,1700,1700,1700,1700,1700,1700,1700,1700,1700,1700,1700
15:04,1653,1653,1653,1653,1653,1653,1653,1653,1653,1653,1653,1653,1653,1653,1653
15:05,1674,1674,1674,1674,1674,1674,1674,1674,1674,1674,1674,1674,1674,1674,1674
15:06,1899,1899,1899,1899,1899,1899,1899,1899,1899,1899,1899,1899,1899,1899,1899
15:07,1528,1528,1528,1528,1528,1528,1528,1528,1528,1528,1528,1528,1528,1528,1528
15:08,1834,1834,1834,1834,1834,1834,1834,1834,1834,1834,1834,1834,1834,1834,1834
15:09,1877,1877,1877,1877,1877,1877,1877,1877,1877,1877,1877,1877,1877,1877,1877
15:10,1488,1488,1488,1488,1488,1488,1488,1488,1488,1488,1488,1488,1488,1488,1488
15:11,1632,1632,1632,1632,1632,1632,1632,1632,1632,1632,1632,1632,1632,1632,1632
15:12,1987,1987,1987,1987,1987,1987,1987,1987,1987,1987,1987,1987,1987,1987,1987
15:13,1947,1947,1947,1947,1947,1947,1947,1947,1947,1947,1947,1947,1947,1947,1947
15:14,1811,1811,1811,1811,1811,1811,1811,1811,1811,1811,1811,1811,1811,1811,1811
15:15,2302,2302,2302,2302,2302,2302,2302,2302,2302,2302,2302,2302,2302,2302,2302
15:16,1759,1759,1759,1759,1759,1759,1759,1759,1759,1759,1759,1759,1759,1759,1759
15:17,1976,1976,1976,1976,1976,1976,1976,1976,1976,1976,1976,1976,1976,1976,1976
15:18,2565,2565,2565,2565,2565,2565,2565,2565,2565,2565,2565,2565,2565,2565,2565
15:19,2713,2713,2713,2713,2713,2713,2713,2713,2713,2713,2713,2713,2713,2713,2713
15:20,1778,1778,1778,1778,1778,1778,1778,1778,1778,1778,1778,1778,1778,1778,1778
15:21,2885,2885,2885,2885,2885,2885,2885,2885,2885,2885,2885,2885,2885,2885,2885
15:22,2613,2613,2613,2613,2613,2613,2613,2613,2613,2613,2613,2613,2613,2613,2613
15:23,2438,2438,2438,2438,2438,2438,2438,2438,2438,2438,2438,2438,2438,2438,2438
15:24,2883,2883,2883,2883,2883,2883,2883,2883,2883,2883,2883,2883,2883,2883,2883
15:25,2772,2772,2772,2772,2772,2772,2772,2772,2772,2772,2772,2772,2772,2772,2772
15:26,2043,2043,2043,2043,2043,2043,2043,2043,2043,2043,2043,2043,2043,2043,2043
15:27,2646,2646,2646,2646,2646,2646,2646,2646,2646,2646,2646,2646,2646,2646,2646
15:28,2385,2385,2385,2385,2385,2385,2385,2385,2385,2385,2385,2385,2385,2385,2385
15:29,2305,2305,2305,2305,2305,2305,2305,2305,2305,2305,2305,2305,2305,2305,2305
15:30,3674,3674,3674,3674,3674,3674,3674,3674,3674,3674,3674,3674,3674,3674,3674
15:31,3006,3006,3006,3006,3006,3006,3006,3006,3006,3006,3006,3006,3006,3006,3006
15:32,3352,3352,3352,3352,3352,3352,3352,3352,3352,3352,3352,3352,3352,3352,3352
15:33,2914,2914,2914,2914,2914,2914,2914,2914,2914,2914,2914,2914,2914,2914,2914
15:34,3385,3385,3385,3385,3385,3385,3385,3385,3385,3385,3385,3385,3385,3385,3385
15:35,3075,3075,3075,3075,3075,3075,3075,3075,3075,3075,3075,3075,3075,3075,3075
15:36,3512,3512,3512,3512,3512,3512,3512,3512,3512,3512,3512,3512,3512,3512,3512
15:37,4611,4611,4611,4611,4611,4611,4611,4611,4611,4611,4611,4611,4611,4611,4611
15:38,4195,4195,4195,4195,4195,4195,4195,4195,4195,4195,4195,4195,4195,4195,4195
15:39,4194,4194,4194,4194,4194,4194,4194,4194,4194,4194,4194,4194,4194,4194,4194
15:40,4786,4786,4786,4786,4786,4786,4786,4786,4786,4786,4786,4786,4786,4786,4786
15:41,3542,3542,3542,3542,3542,3542,3542,3542,3542,3542,3542,3542,3542,3542,3542
15:42,4173,4173,4173,4173,4173,4173,4173,4173,4173,4173,4173,4173,4173,4173,4173
15:43,4199,4199,4199,4199,4199,4199,4199,4199,4199,4199,4199,4199,4199,4199,4199
15:44,5017,5017,5017,5017,5017,5017,5017,5017,5017,5017,5017,5017,5017,5017,5017
15:45,6486,6486,6486,6486,6486,6486,6486,6486,6486,6486,6486,6486,6486,6486,6486
15:46,4658,4658,4658,4658,4658,4658,4658,4658,4658,4658,4658,4658,4658,4658,4658
15:47,4672,4672,4672,4672,4672,4672,4672,4672,4672,4672,4672,4672,4672,4672,4672
15:48,5489,5489,5489,5489,5489,5489,5489,5489,5489,5489,5489,5489,5489,5489,5489
15:49,6844,6844,6844,6844,6844,6844,6844,6844,6844,6844,6844,6844,6844,6844,6844
15:50,7625,7625,7625,7625,7625,7625,7625,7625,7625,7625,7625,7625,7625,7625,7625
15:51,5870,5870,5870,5870,5870,5870,5870,5870,5870,5870,5870,5870,5870,5870,5870
15:52,5962,5962,5962,5962,5962,5962,5962,5962,5962,5962,5962,5962,5962,5962,5962
15:53,6680,6680,6680,6680,6680,6680,6680,6680,6680,6680,6680,6680,6680,6680,6680
15:54,8302,8302,8302,8302,8302,8302,8302,8302,8302,8302,8302,8302,8302,8302,8302
15:55,12376,12376,12376,12376,12376,12376,12376,12376,12376,12376,12376,12376,12376,12376,12376
15:56,11353,11353,11353,11353,11353,11353,11353,11353,11353,11353,11353,11353,11353,11353,11353
15:57,13640,13640,13640,13640,13640,13640,13640,13640,13640,13640,13640,13640,13640,13640,13640
15:58,17232,17232,17232,17232,17232,17232,17232,17232,17232,17232,17232,17232,17232,17232,17232
15:59,47298,47298,47298,47298,47298,47298,47298,47298,47298,47298,47298,47298,47298,47298,47298
16:00,4976,4976,4976,4976,4976,4976,4976,4976,4976,4976,4976,4976,4976,4976,4976
16:01,4385,4385,4385,4385,4385,4385,4385,4385,4385,4385,4385,4385,4385,4385,4385
16:02,3666,3666,3666,3666,3666,3666,3666,3666,3666,3666,3666,3666,3666,3666,3666
16:03,2601,2601,2601,2601,2601,2601,2601,2601,2601,2601,2601,2601,2601,2601,2601
16:04,2275,2275,2275,2275,2275,2275,2275,2275,2275,2275,2275,2275,2275,2275,2275
16:05,2072,2072,2072,2072,2072,2072,2072,2072,2072,2072,2072,2072,2072,2072,2072
16:06,723,723,723,723,723,723,723,723,723,723,723,723,723,723,723
16:07,988,988,988,988,988,988,988,988,988,988,988,988,988,988,988
16:08,702,702,702,702,702,702,702,702,702,702,702,702,702,702,702
16:09,1053,1053,1053,1053,1053,1053,1053,1053,1053,1053,1053,1053,1053,1053,1053
16:10,1601,1601,1601,1601,1601,1601,1601,1601,1601,1601,1601,1601,1601,1601,1601
16:11,1309,1309,1309,1309,1309,1309,1309,1309,1309,1309,1309,1309,1309,1309,1309
16:12,1340,1340,1340,1340,1340,1340,1340,1340,1340,1340,1340,1340,1340,1340,1340
16:13,1808,1808,1808,1808,1808,1808,1808,1808,1808,1808,1808,1808,1808,1808,1808
16:14,1459,1459,1459,1459,1459,1459,1459,1459,1459,1459,1459,1459,1459,1459,1459
16:15,2,2,2,2,2,2,2,2,2,2,2,2,2,2,2
16:16,0,0,0,0,0,0,0,0,0,0,0,0,0,0,0
16:17,15,15,15,15,15,15,15,15,15,15,15,15,15,15,15
16:18,0,0,0,0,0,0,0,0,0,0,0,0,0,0,0
16:19,2,2,2,2,2,2,2,2,2,2,2,2,2,2,2
16:20,18,18,18,18,18,18,18,18,18,18,18,18,18,18,18
16:21,0,0,0,0,0,0,0,0,0,0,0,0,0,0,0
16:22,0,0,0,0,0,0,0,0,0,0,0,0,0,0,0
16:23,9,9,9,9,9,9,9,9,9,9,9,9,9,9,9
16:24,55,55,55,55,55,55,55,55,55,55,55,55,55,55,55
16:25,0,0,0,0,0,0,0,0,0,0,0,0,0,0,0
16:26,1,1,1,1,1,1,1,1,1,1,1,1,1,1,1
16:27,0,0,0,0,0,0,0,0,0,0,0,0,0,0,0
16:28,0,0,0,0,0,0,0,0,0,0,0,0,0,0,0
16:29,1,1,1,1,1,1,1,1,1,1,1,1,1,1,1
16:30,37,37,37,37,37,37,37,37,37,37,37,37,37,37,37
16:31,55,55,55,55,55,55,55,55,55,55,55,55,55,55,55
16:32,81,81,81,81,81,81,81,81,81,81,81,81,81,81,81
16:33,141,141,141,141,141,141,141,141,141,141,141,141,141,141,141
16:34,19,19,19,19,19,19,19,19,19,19,19,19,19,19,19
16:35,180,180,180,180,180,180,180,180,180,180,180,180,180,180,180
16:36,118,118,118,118,118,118,118,118,118,118,118,118,118,118,118
16:37,81,81,81,81,81,81,81,81,81,81,81,81,81,81,81
16:38,64,64,64,64,64,64,64,64,64,64,64,64,64,64,64
16:39,187,187,187,187,187,187,187,187,187,187,187,187,187,187,187
16:40,62,62,62,62,62,62,62,62,62,62,62,62,62,62,62
16:41,39,39,39,39,39,39,39,39,39,39,39,39,39,39,39
16:42,86,86,86,86,86,86,86,86,86,86,86,86,86,86,86
16:43,244,244,244,244,244,244,244,244,244,244,244,244,244,244,244
16:44,144,144,144,144,144,144,144,144,144,144,144,144,144,144,144
16:45,146,146,146,146,146,146,146,146,146,146,146,146,146,146,146
16:46,84,84,84,84,84,84,84,84,84,84,84,84,84,84,84
16:47,99,99,99,99,99,99,99,99,99,99,99,99,99,99,99
16:48,18,18,18,18,18,18,18,18,18,18,18,18,18,18,18
16:49,71,71,71,71,71,71,71,71,71,71,71,71,71,71,71
16:50,53,53,53,53,53,53,53,53,53,53,53,53,53,53,53
16:51,99,99,99,99,99,99,99,99,99,99,99,99,99,99,99
16:52,59,59,59,59,59,59,59,59,59,59,59,59,59,59,59
16:53,81,81,81,81,81,81,81,81,81,81,81,81,81,81,81
16:54,49,49,49,49,49,49,49,49,49,49,49,49,49,49,49
16:55,47,47,47,47,47,47,47,47,47,47,47,47,47,47,47
16:56,195,195,195,195,195,195,195,195,195,195,195,195,195,195,195
16:57,128,128,128,128,128,128,128,128,128,128,128,128,128,128,128
16:58,234,234,234,234,234,234,234,234,234,234,234,234,234,234,234
16:59,2,2,2,2,2,2,2,2,2,2,2,2,2,2,2